{
  "success": true,
  "message": "",
  "result": {
    "buy": [
      {
        "Quantity": 15.87026720,
        "Rate": 0.05312345
      },
      {
        "Quantity": 5.00000000,
        "Rate": 0.05312344
      }
    ],
    "sell": [
      {
        "Quantity": 1.81754771,
        "Rate": 0.05316942
      },
      {
        "Quantity": 5.39021754,
        "Rate": 0.05323297
      }
    ]
  }
}